{
	"start":	{
		"connected":	[{
				"socket":	5,
				"local_host":	"10.0.0.9",
				"local_port":	59954,
				"remote_host":	"10.0.1.9",
				"remote_port":	5201
			}],
		"version":	"iperf 3.7",
		"system_info":	"Linux mininet-vm 5.4.0-42-generic #46-Ubuntu SMP Fri Jul 10 00:24:02 UTC 2020 x86_64",
		"timestamp":	{
			"time":	"Mon, 26 Feb 2024 06:33:02 GMT",
			"timesecs":	1708929182
		},
		"connecting_to":	{
			"host":	"10.0.1.9",
			"port":	5201
		},
		"cookie":	"l3eadbhgn7nrpspqwqsv2nnxfwnp6o4luzn2",
		"tcp_mss_default":	1448,
		"sock_bufsize":	0,
		"sndbuf_actual":	87380,
		"rcvbuf_actual":	87380,
		"test_start":	{
			"protocol":	"TCP",
			"num_streams":	1,
			"blksize":	131072,
			"omit":	0,
			"duration":	30,
			"bytes":	0,
			"blocks":	0,
			"reverse":	0,
			"tos":	0
		}
	},
	"intervals":	[{
			"streams":	[{
					"socket":	5,
					"start":	0,
					"end":	1.000208,
					"seconds":	1.0002080202102661,
					"bytes":	548318328,
					"bits_per_second":	4385634323.4258909,
					"retransmits":	473,
					"snd_cwnd":	409784,
					"rtt":	204,
					"rttvar":	225,
					"pmtu":	1500,
					"omitted":	false,
					"sender":	true
				}],
			"sum":	{
				"start":	0,
				"end":	1.000208,
				"seconds":	1.0002080202102661,
				"bytes":	548318328,
				"bits_per_second":	4385634323.4258909,
				"retransmits":	473,
				"omitted":	false,
				"sender":	true
			}
		}, {
			"streams":	[{
					"socket":	5,
					"start":	1.000208,
					"end":	2.003634,
					"seconds":	1.0034259557724,
					"bytes":	462713184,
					"bits_per_second":	3689066891.986629,
					"retransmits":	553,
					"snd_cwnd":	524176,
					"rtt":	198,
					"rttvar":	168,
					"pmtu":	1500,
					"omitted":	false,
					"sender":	true
				}],
			"sum":	{
				"start":	1.000208,
				"end":	2.003634,
				"seconds":	1.0034259557724,
				"bytes":	462713184,
				"bits_per_second":	3689066891.986629,
				"retransmits":	553,
				"omitted":	false,
				"sender":	true
			}
		}, {
			"streams":	[{
					"socket":	5,
					"start":	2.003634,
					"end":	3.000216,
					"seconds":	0.99658197164535522,
					"bytes":	491520000,
					"bits_per_second":	3945646331.0368843,
					"retransmits":	388,
					"snd_cwnd":	676216,
					"rtt":	126,
					"rttvar":	114,
					"pmtu":	1500,
					"omitted":	false,
					"sender":	true
				}],
			"sum":	{
				"start":	2.003634,
				"end":	3.000216,
				"seconds":	0.99658197164535522,
				"bytes":	491520000,
				"bits_per_second":	3945646331.0368843,
				"retransmits":	388,
				"omitted":	false,
				"sender":	true
			}
		}, {
			"streams":	[{
					"socket":	5,
					"start":	3.000216,
					"end":	4.000318,
					"seconds":	1.0001020431518555,
					"bytes":	595066880,
					"bits_per_second":	4760049309.565464,
					"retransmits":	484,
					"snd_cwnd":	712416,
					"rtt":	151,
					"rttvar":	171,
					"pmtu":	1500,
					"omitted":	false,
					"sender":	true
				}],
			"sum":	{
				"start":	3.000216,
				"end":	4.000318,
				"seconds":	1.0001020431518555,
				"bytes":	595066880,
				"bits_per_second":	4760049309.565464,
				"retransmits":	484,
				"omitted":	false,
				"sender":	true
			}
		}, {
			"streams":	[{
					"socket":	5,
					"start":	4.000318,
					"end":	5.001799,
					"seconds":	1.0014810562133789,
					"bytes":	593756160,
					"bits_per_second":	4743024593.9549141,
					"retransmits":	393,
					"snd_cwnd":	650152,
					"rtt":	67,
					"rttvar":	67,
					"pmtu":	1500,
					"omitted":	false,
					"sender":	true
				}],
			"sum":	{
				"start":	4.000318,
				"end":	5.001799,
				"seconds":	1.0014810562133789,
				"bytes":	593756160,
				"bits_per_second":	4743024593.9549141,
				"retransmits":	393,
				"omitted":	false,
				"sender":	true
			}
		}, {
			"streams":	[{
					"socket":	5,
					"start":	5.001799,
					"end":	6.00019,
					"seconds":	0.99839097261428833,
					"bytes":	644874240,
					"bits_per_second":	5167308260.5015612,
					"retransmits":	547,
					"snd_cwnd":	622640,
					"rtt":	220,
					"rttvar":	284,
					"pmtu":	1500,
					"omitted":	false,
					"sender":	true
				}],
			"sum":	{
				"start":	5.001799,
				"end":	6.00019,
				"seconds":	0.99839097261428833,
				"bytes":	644874240,
				"bits_per_second":	5167308260.5015612,
				"retransmits":	547,
				"omitted":	false,
				"sender":	true
			}
		}, {
			"streams":	[{
					"socket":	5,
					"start":	6.00019,
					"end":	7.004347,
					"seconds":	1.0041569471359253,
					"bytes":	619970560,
					"bits_per_second":	4939232352.21977,
					"retransmits":	75,
					"snd_cwnd":	839840,
					"rtt":	318,
					"rttvar":	491,
					"pmtu":	1500,
					"omitted":	false,
					"sender":	true
				}],
			"sum":	{
				"start":	6.00019,
				"end":	7.004347,
				"seconds":	1.0041569471359253,
				"bytes":	619970560,
				"bits_per_second":	4939232352.21977,
				"retransmits":	75,
				"omitted":	false,
				"sender":	true
			}
		}, {
			"streams":	[{
					"socket":	5,
					"start":	7.004347,
					"end":	8.002191,
					"seconds":	0.99784398078918457,
					"bytes":	479723520,
					"bits_per_second":	3846080383.1925035,
					"retransmits":	0,
					"snd_cwnd":	873144,
					"rtt":	404,
					"rttvar":	551,
					"pmtu":	1500,
					"omitted":	false,
					"sender":	true
				}],
			"sum":	{
				"start":	7.004347,
				"end":	8.002191,
				"seconds":	0.99784398078918457,
				"bytes":	479723520,
				"bits_per_second":	3846080383.1925035,
				"retransmits":	0,
				"omitted":	false,
				"sender":	true
			}
		}, {
			"streams":	[{
					"socket":	5,
					"start":	8.002191,
					"end":	9.00014,
					"seconds":	0.99794900417327881,
					"bytes":	522977280,
					"bits_per_second":	4192416869.5032268,
					"retransmits":	1,
					"snd_cwnd":	978848,
					"rtt":	283,
					"rttvar":	441,
					"pmtu":	1500,
					"omitted":	false,
					"sender":	true
				}],
			"sum":	{
				"start":	8.002191,
				"end":	9.00014,
				"seconds":	0.99794900417327881,
				"bytes":	522977280,
				"bits_per_second":	4192416869.5032268,
				"retransmits":	1,
				"omitted":	false,
				"sender":	true
			}
		}, {
			"streams":	[{
					"socket":	5,
					"start":	9.00014,
					"end":	10.006899,
					"seconds":	1.0067590475082397,
					"bytes":	749731840,
					"bits_per_second":	5957587105.7179756,
					"retransmits":	45,
					"snd_cwnd":	1003464,
					"rtt":	406,
					"rttvar":	661,
					"pmtu":	1500,
					"omitted":	false,
					"sender":	true
				}],
			"sum":	{
				"start":	9.00014,
				"end":	10.006899,
				"seconds":	1.0067590475082397,
				"bytes":	749731840,
				"bits_per_second":	5957587105.7179756,
				"retransmits":	45,
				"omitted":	false,
				"sender":	true
			}
		}, {
			"streams":	[{
					"socket":	5,
					"start":	10.006899,
					"end":	11.014294,
					"seconds":	1.0073950290679932,
					"bytes":	760217600,
					"bits_per_second":	6037096297.3944941,
					"retransmits":	491,
					"snd_cwnd":	742824,
					"rtt":	1215,
					"rttvar":	2268,
					"pmtu":	1500,
					"omitted":	false,
					"sender":	true
				}],
			"sum":	{
				"start":	10.006899,
				"end":	11.014294,
				"seconds":	1.0073950290679932,
				"bytes":	760217600,
				"bits_per_second":	6037096297.3944941,
				"retransmits":	491,
				"omitted":	false,
				"sender":	true
			}
		}, {
			"streams":	[{
					"socket":	5,
					"start":	11.014294,
					"end":	12.008818,
					"seconds":	0.99452400207519531,
					"bytes":	676331520,
					"bits_per_second":	5440444020.1644363,
					"retransmits":	391,
					"snd_cwnd":	841288,
					"rtt":	307,
					"rttvar":	502,
					"pmtu":	1500,
					"omitted":	false,
					"sender":	true
				}],
			"sum":	{
				"start":	11.014294,
				"end":	12.008818,
				"seconds":	0.99452400207519531,
				"bytes":	676331520,
				"bits_per_second":	5440444020.1644363,
				"retransmits":	391,
				"omitted":	false,
				"sender":	true
			}
		}, {
			"streams":	[{
					"socket":	5,
					"start":	12.008818,
					"end":	13.016454,
					"seconds":	1.0076359510421753,
					"bytes":	606863360,
					"bits_per_second":	4818115982.2440624,
					"retransmits":	392,
					"snd_cwnd":	933960,
					"rtt":	987,
					"rttvar":	1759,