{
	"start":	{
		"connected":	[{
				"socket":	5,
				"local_host":	"10.0.0.6",
				"local_port":	40270,
				"remote_host":	"10.0.1.6",
				"remote_port":	5201
			}],
		"version":	"iperf 3.7",
		"system_info":	"Linux mininet-vm 5.4.0-42-generic #46-Ubuntu SMP Fri Jul 10 00:24:02 UTC 2020 x86_64",
		"timestamp":	{
			"time":	"Mon, 26 Feb 2024 06:33:02 GMT",
			"timesecs":	1708929182
		},
		"connecting_to":	{
			"host":	"10.0.1.6",
			"port":	5201
		},
		"cookie":	"zvwqayefhxihblwyu25p7sujo23unbsxmcyb",
		"tcp_mss_default":	1448,
		"sock_bufsize":	0,
		"sndbuf_actual":	87380,
		"rcvbuf_actual":	87380,
		"test_start":	{
			"protocol":	"TCP",
			"num_streams":	1,
			"blksize":	131072,
			"omit":	0,
			"duration":	30,
			"bytes":	0,
			"blocks":	0,
			"reverse":	0,
			"tos":	0
		}
	},
	"intervals":	[{
			"streams":	[{
					"socket":	5,
					"start":	0,
					"end":	1.006211,
					"seconds":	1.0062110424041748,
					"bytes":	501989096,
					"bits_per_second":	3991123729.2771511,
					"retransmits":	513,
					"snd_cwnd":	107152,
					"rtt":	94,
					"rttvar":	19,
					"pmtu":	1500,
					"omitted":	false,
					"sender":	true
				}],
			"sum":	{
				"start":	0,
				"end":	1.006211,
				"seconds":	1.0062110424041748,
				"bytes":	501989096,
				"bits_per_second":	3991123729.2771511,
				"retransmits":	513,
				"omitted":	false,
				"sender":	true
			}
		}, {
			"streams":	[{
					"socket":	5,
					"start":	1.006211,
					"end":	2.000589,
					"seconds":	0.99437797069549561,
					"bytes":	358463248,
					"bits_per_second":	2883919463.73696,
					"retransmits":	384,
					"snd_cwnd":	535760,
					"rtt":	107,
					"rttvar":	36,
					"pmtu":	1500,
					"omitted":	false,
					"sender":	true
				}],
			"sum":	{
				"start":	1.006211,
				"end":	2.000589,
				"seconds":	0.99437797069549561,
				"bytes":	358463248,
				"bits_per_second":	2883919463.73696,
				"retransmits":	384,
				"omitted":	false,
				"sender":	true
			}
		}, {
			"streams":	[{
					"socket":	5,
					"start":	2.000589,
					"end":	3.000846,
					"seconds":	1.0002570152282715,
					"bytes":	563304040,
					"bits_per_second":	4505274395.8727188,
					"retransmits":	330,
					"snd_cwnd":	799296,
					"rtt":	37,
					"rttvar":	21,
					"pmtu":	1500,
					"omitted":	false,
					"sender":	true
				}],
			"sum":	{
				"start":	2.000589,
				"end":	3.000846,
				"seconds":	1.0002570152282715,
				"bytes":	563304040,
				"bits_per_second":	4505274395.8727188,
				"retransmits":	330,
				"omitted":	false,
				"sender":	true
			}
		}, {
			"streams":	[{
					"socket":	5,
					"start":	3.000846,
					"end":	4.000809,
					"seconds":	0.99996298551559448,
					"bytes":	467927040,
					"bits_per_second":	3743554885.75394,
					"retransmits":	48,
					"snd_cwnd":	405440,
					"rtt":	64,
					"rttvar":	58,
					"pmtu":	1500,
					"omitted":	false,
					"sender":	true
				}],
			"sum":	{
				"start":	3.000846,
				"end":	4.000809,
				"seconds":	0.99996298551559448,
				"bytes":	467927040,
				"bits_per_second":	3743554885.75394,
				"retransmits":	48,
				"omitted":	false,
				"sender":	true
			}
		}, {
			"streams":	[{
					"socket":	5,
					"start":	4.000809,
					"end":	5.00594,
					"seconds":	1.0051310062408447,
					"bytes":	638320640,
					"bits_per_second":	5080497057.8893766,
					"retransmits":	294,
					"snd_cwnd":	537208,
					"rtt":	282,
					"rttvar":	371,
					"pmtu":	1500,
					"omitted":	false,
					"sender":	true
				}],
			"sum":	{
				"start":	4.000809,
				"end":	5.00594,
				"seconds":	1.0051310062408447,
				"bytes":	638320640,
				"bits_per_second":	5080497057.8893766,
				"retransmits":	294,
				"omitted":	false,
				"sender":	true
			}
		}, {
			"streams":	[{
					"socket":	5,
					"start":	5.00594,
					"end":	6.000383,
					"seconds":	0.99444299936294556,
					"bytes":	625213440,
					"bits_per_second":	5029657328.9813147,
					"retransmits":	38,
					"snd_cwnd":	1004912,
					"rtt":	68,
					"rttvar":	19,
					"pmtu":	1500,
					"omitted":	false,
					"sender":	true
				}],
			"sum":	{
				"start":	5.00594,
				"end":	6.000383,
				"seconds":	0.99444299936294556,
				"bytes":	625213440,
				"bits_per_second":	5029657328.9813147,
				"retransmits":	38,
				"omitted":	false,
				"sender":	true
			}
		}, {
			"streams":	[{
					"socket":	5,
					"start":	6.000383,
					"end":	7.001637,
					"seconds":	1.0012539625167847,
					"bytes":	655360000,
					"bits_per_second":	5236313858.695076,
					"retransmits":	145,
					"snd_cwnd":	640016,
					"rtt":	263,
					"rttvar":	242,
					"pmtu":	1500,
					"omitted":	false,
					"sender":	true
				}],
			"sum":	{
				"start":	6.000383,
				"end":	7.001637,
				"seconds":	1.0012539625167847,
				"bytes":	655360000,
				"bits_per_second":	5236313858.695076,
				"retransmits":	145,
				"omitted":	false,
				"sender":	true
			}
		}, {
			"streams":	[{
					"socket":	5,
					"start":	7.001637,
					"end":	8.000918,
					"seconds":	0.99928098917007446,
					"bytes":	655360000,
					"bits_per_second":	5246652399.89638,
					"retransmits":	186,
					"snd_cwnd":	338832,
					"rtt":	185,
					"rttvar":	280,
					"pmtu":	1500,
					"omitted":	false,
					"sender":	true
				}],
			"sum":	{
				"start":	7.001637,
				"end":	8.000918,
				"seconds":	0.99928098917007446,
				"bytes":	655360000,
				"bits_per_second":	5246652399.89638,
				"retransmits":	186,
				"omitted":	false,
				"sender":	true
			}
		}, {
			"streams":	[{
					"socket":	5,
					"start":	8.000918,
					"end":	9.001766,
					"seconds":	1.0008480548858643,
					"bytes":	710410240,
					"bits_per_second":	5678466268.9364128,
					"retransmits":	0,
					"snd_cwnd":	764544,
					"rtt":	502,
					"rttvar":	747,
					"pmtu":	1500,
					"omitted":	false,
					"sender":	true
				}],
			"sum":	{
				"start":	8.000918,
				"end":	9.001766,
				"seconds":	1.0008480548858643,
				"bytes":	710410240,
				"bits_per_second":	5678466268.9364128,
				"retransmits":	0,
				"omitted":	false,
				"sender":	true
			}
		}, {
			"streams":	[{
					"socket":	5,
					"start":	9.001766,
					"end":	10.003783,
					"seconds":	1.0020170211791992,
					"bytes":	665845760,
					"bits_per_second":	5316043507.6555147,
					"retransmits":	46,
					"snd_cwnd":	735584,
					"rtt":	136,
					"rttvar":	108,
					"pmtu":	1500,
					"omitted":	false,
					"sender":	true
				}],
			"sum":	{
				"start":	9.001766,
				"end":	10.003783,
				"seconds":	1.0020170211791992,
				"bytes":	665845760,
				"bits_per_second":	5316043507.6555147,
				"retransmits":	46,
				"omitted":	false,
				"sender":	true
			}
		}, {
			"streams":	[{
					"socket":	5,
					"start":	10.003783,
					"end":	11.000483,
					"seconds":	0.9966999888420105,
					"bytes":	695992320,
					"bits_per_second":	5586373655.395504,
					"retransmits":	107,
					"snd_cwnd":	703728,
					"rtt":	63,
					"rttvar":	18,
					"pmtu":	1500,
					"omitted":	false,
					"sender":	true
				}],
			"sum":	{
				"start":	10.003783,
				"end":	11.000483,
				"seconds":	0.9966999888420105,
				"bytes":	695992320,
				"bits_per_second":	5586373655.395504,
				"retransmits":	107,
				"omitted":	false,
				"sender":	true
			}
		}, {
			"streams":	[{
					"socket":	5,
					"start":	11.000483,
					"end":	12.025731,
					"seconds":	1.0252480506896973,
					"bytes":	614727680,
					"bits_per_second":	4796713767.6503944,
					"retransmits":	0,
					"snd_cwnd":	986088,
					"rtt":	2637,
					"rttvar":	5168,
					"pmtu":	1500,
					"omitted":	false,
					"sender":	true
				}],
			"sum":	{
				"start":	11.000483,
				"end":	12.025731,
				"seconds":	1.0252480506896973,
				"bytes":	614727680,
				"bits_per_second":	4796713767.6503944,
				"retransmits":	0,
				"omitted":	false,
				"sender":	true
			}
		}, {
			"streams":	[{
					"socket":	5,
					"start":	12.025731,
					"end":	13.000178,
					"seconds":	0.97444701194763184,
					"bytes":	714342400,
					"bits_per_second":	5864597181.71635,
					"retransmits":	0,
					"snd_cwnd":	1303200,
					"rtt":	76,
					"rttvar":	13,
					"pmtu":	1500,