{
	"start":	{
		"connected":	[{
				"socket":	5,
				"local_host":	"10.0.0.10",
				"local_port":	52328,
				"remote_host":	"10.0.1.10",
				"remote_port":	5201
			}],
		"version":	"iperf 3.7",
		"system_info":	"Linux mininet-vm 5.4.0-42-generic #46-Ubuntu SMP Fri Jul 10 00:24:02 UTC 2020 x86_64",
		"timestamp":	{
			"time":	"Mon, 26 Feb 2024 06:33:02 GMT",
			"timesecs":	1708929182
		},
		"connecting_to":	{
			"host":	"10.0.1.10",
			"port":	5201
		},
		"cookie":	"kxl6ovjcyp4bhditgt7jxrmgkrbdjmghhhgr",
		"tcp_mss_default":	1448,
		"sock_bufsize":	0,
		"sndbuf_actual":	87380,
		"rcvbuf_actual":	87380,
		"test_start":	{
			"protocol":	"TCP",
			"num_streams":	1,
			"blksize":	131072,
			"omit":	0,
			"duration":	30,
			"bytes":	0,
			"blocks":	0,
			"reverse":	0,
			"tos":	0
		}
	},
	"intervals":	[{
			"streams":	[{
					"socket":	5,
					"start":	0,
					"end":	1.000145,
					"seconds":	1.0001449584960938,
					"bytes":	359216920,
					"bits_per_second":	2873318848.0209932,
					"retransmits":	271,
					"snd_cwnd":	619744,
					"rtt":	359,
					"rttvar":	475,
					"pmtu":	1500,
					"omitted":	false,
					"sender":	true
				}],
			"sum":	{
				"start":	0,
				"end":	1.000145,
				"seconds":	1.0001449584960938,
				"bytes":	359216920,
				"bits_per_second":	2873318848.0209932,
				"retransmits":	271,
				"omitted":	false,
				"sender":	true
			}
		}, {
			"streams":	[{
					"socket":	5,
					"start":	1.000145,
					"end":	2.000372,
					"seconds":	1.0002269744873047,
					"bytes":	474480640,
					"bits_per_second":	3794983755.5077639,
					"retransmits":	274,
					"snd_cwnd":	705176,
					"rtt":	1166,
					"rttvar":	2053,
					"pmtu":	1500,
					"omitted":	false,
					"sender":	true
				}],
			"sum":	{
				"start":	1.000145,
				"end":	2.000372,
				"seconds":	1.0002269744873047,
				"bytes":	474480640,
				"bits_per_second":	3794983755.5077639,
				"retransmits":	274,
				"omitted":	false,
				"sender":	true
			}
		}, {
			"streams":	[{
					"socket":	5,
					"start":	2.000372,
					"end":	3.000125,
					"seconds":	0.99975299835205078,
					"bytes":	498073600,
					"bits_per_second":	3985573243.1590824,
					"retransmits":	147,
					"snd_cwnd":	424264,
					"rtt":	93,
					"rttvar":	91,
					"pmtu":	1500,
					"omitted":	false,
					"sender":	true
				}],
			"sum":	{
				"start":	2.000372,
				"end":	3.000125,
				"seconds":	0.99975299835205078,
				"bytes":	498073600,
				"bits_per_second":	3985573243.1590824,
				"retransmits":	147,
				"omitted":	false,
				"sender":	true
			}
		}, {
			"streams":	[{
					"socket":	5,
					"start":	3.000125,
					"end":	4.008183,
					"seconds":	1.0080579519271851,
					"bytes":	606863360,
					"bits_per_second":	4816098985.895093,
					"retransmits":	157,
					"snd_cwnd":	207064,
					"rtt":	598,
					"rttvar":	1125,
					"pmtu":	1500,
					"omitted":	false,
					"sender":	true
				}],
			"sum":	{
				"start":	3.000125,
				"end":	4.008183,
				"seconds":	1.0080579519271851,
				"bytes":	606863360,
				"bits_per_second":	4816098985.895093,
				"retransmits":	157,
				"omitted":	false,
				"sender":	true
			}
		}, {
			"streams":	[{
					"socket":	5,
					"start":	4.008183,
					"end":	5.000647,
					"seconds":	0.992464005947113,
					"bytes":	503316480,
					"bits_per_second":	4057106167.9536295,
					"retransmits":	0,
					"snd_cwnd":	438744,
					"rtt":	151,
					"rttvar":	139,
					"pmtu":	1500,
					"omitted":	false,
					"sender":	true
				}],
			"sum":	{
				"start":	4.008183,
				"end":	5.000647,
				"seconds":	0.992464005947113,
				"bytes":	503316480,
				"bits_per_second":	4057106167.9536295,
				"retransmits":	0,
				"omitted":	false,
				"sender":	true
			}
		}, {
			"streams":	[{
					"socket":	5,
					"start":	5.000647,
					"end":	6.003566,
					"seconds":	1.0029189586639404,
					"bytes":	730071040,
					"bits_per_second":	5823569561.1743507,
					"retransmits":	46,
					"snd_cwnd":	692144,
					"rtt":	375,
					"rttvar":	590,
					"pmtu":	1500,
					"omitted":	false,
					"sender":	true
				}],
			"sum":	{
				"start":	5.000647,
				"end":	6.003566,
				"seconds":	1.0029189586639404,
				"bytes":	730071040,
				"bits_per_second":	5823569561.1743507,
				"retransmits":	46,
				"omitted":	false,
				"sender":	true
			}
		}, {
			"streams":	[{
					"socket":	5,
					"start":	6.003566,
					"end":	7.013069,
					"seconds":	1.0095030069351196,
					"bytes":	777256960,
					"bits_per_second":	6159521702.5437069,
					"retransmits":	76,
					"snd_cwnd":	855768,
					"rtt":	117,
					"rttvar":	100,
					"pmtu":	1500,
					"omitted":	false,
					"sender":	true
				}],
			"sum":	{
				"start":	6.003566,
				"end":	7.013069,
				"seconds":	1.0095030069351196,
				"bytes":	777256960,
				"bits_per_second":	6159521702.5437069,
				"retransmits":	76,
				"omitted":	false,
				"sender":	true
			}
		}, {
			"streams":	[{
					"socket":	5,
					"start":	7.013069,
					"end":	8.031405,
					"seconds":	1.0183360576629639,
					"bytes":	715653120,
					"bits_per_second":	5622137129.4061193,
					"retransmits":	0,
					"snd_cwnd":	1156952,
					"rtt":	2744,
					"rttvar":	5316,
					"pmtu":	1500,
					"omitted":	false,
					"sender":	true
				}],
			"sum":	{
				"start":	7.013069,
				"end":	8.031405,
				"seconds":	1.0183360576629639,
				"bytes":	715653120,
				"bits_per_second":	5622137129.4061193,
				"retransmits":	0,
				"omitted":	false,
				"sender":	true
			}
		}, {
			"streams":	[{
					"socket":	5,
					"start":	8.031405,
					"end":	9.001254,
					"seconds":	0.96984899044036865,
					"bytes":	550502400,
					"bits_per_second":	4540932911.6281452,
					"retransmits":	20,
					"snd_cwnd":	1252520,
					"rtt":	438,
					"rttvar":	754,
					"pmtu":	1500,
					"omitted":	false,
					"sender":	true
				}],
			"sum":	{
				"start":	8.031405,
				"end":	9.001254,
				"seconds":	0.96984899044036865,
				"bytes":	550502400,
				"bits_per_second":	4540932911.6281452,
				"retransmits":	20,
				"omitted":	false,
				"sender":	true
			}
		}, {
			"streams":	[{
					"socket":	5,
					"start":	9.001254,
					"end":	10.001171,
					"seconds":	0.99991697072982788,
					"bytes":	521666560,
					"bits_per_second":	4173679017.5227575,
					"retransmits":	0,
					"snd_cwnd":	1291616,
					"rtt":	278,
					"rttvar":	262,
					"pmtu":	1500,
					"omitted":	false,
					"sender":	true
				}],
			"sum":	{
				"start":	9.001254,
				"end":	10.001171,
				"seconds":	0.99991697072982788,
				"bytes":	521666560,
				"bits_per_second":	4173679017.5227575,
				"retransmits":	0,
				"omitted":	false,
				"sender":	true
			}
		}, {
			"streams":	[{
					"socket":	5,
					"start":	10.001171,
					"end":	11.002163,
					"seconds":	1.0009919404983521,
					"bytes":	593756160,
					"bits_per_second":	4745342182.9102325,
					"retransmits":	143,
					"snd_cwnd":	583544,
					"rtt":	94,
					"rttvar":	82,
					"pmtu":	1500,
					"omitted":	false,
					"sender":	true
				}],
			"sum":	{
				"start":	10.001171,
				"end":	11.002163,
				"seconds":	1.0009919404983521,
				"bytes":	593756160,
				"bits_per_second":	4745342182.9102325,
				"retransmits":	143,
				"omitted":	false,
				"sender":	true
			}
		}, {
			"streams":	[{
					"socket":	5,
					"start":	11.002163,
					"end":	12.005675,
					"seconds":	1.0035120248794556,
					"bytes":	630456320,
					"bits_per_second":	5025999126.0252771,
					"retransmits":	2,
					"snd_cwnd":	1057040,
					"rtt":	430,
					"rttvar":	771,
					"pmtu":	1500,
					"omitted":	false,
					"sender":	true
				}],
			"sum":	{
				"start":	11.002163,
				"end":	12.005675,
				"seconds":	1.0035120248794556,
				"bytes":	630456320,
				"bits_per_second":	5025999126.0252771,
				"retransmits":	2,
				"omitted":	false,
				"sender":	true
			}
		}, {
			"streams":	[{
					"socket":	5,
					"start":	12.005675,
					"end":	13.006797,
					"seconds":	1.001121997833252,
					"bytes":	751042560,
					"bits_per_second":	6001606690.2974558,
					"retransmits":	29,
					"snd_cwnd":	952784,
					"rtt":	111,
					"rttvar":	70,