{
	"start":	{
		"connected":	[{
				"socket":	5,
				"local_host":	"10.0.0.4",
				"local_port":	60316,
				"remote_host":	"10.0.1.4",
				"remote_port":	5201
			}],
		"version":	"iperf 3.7",
		"system_info":	"Linux mininet-vm 5.4.0-42-generic #46-Ubuntu SMP Fri Jul 10 00:24:02 UTC 2020 x86_64",
		"timestamp":	{
			"time":	"Mon, 26 Feb 2024 06:33:02 GMT",
			"timesecs":	1708929182
		},
		"connecting_to":	{
			"host":	"10.0.1.4",
			"port":	5201
		},
		"cookie":	"qiidpotfihgnrnb5yeokw2m2lzonqu7w4te5",
		"tcp_mss_default":	1448,
		"sock_bufsize":	0,
		"sndbuf_actual":	87380,
		"rcvbuf_actual":	87380,
		"test_start":	{
			"protocol":	"TCP",
			"num_streams":	1,
			"blksize":	131072,
			"omit":	0,
			"duration":	30,
			"bytes":	0,
			"blocks":	0,
			"reverse":	0,
			"tos":	0
		}
	},
	"intervals":	[{
			"streams":	[{
					"socket":	5,
					"start":	0,
					"end":	1.000115,
					"seconds":	1.0001150369644165,
					"bytes":	390690128,
					"bits_per_second":	3125161514.906014,
					"retransmits":	301,
					"snd_cwnd":	524176,
					"rtt":	392,
					"rttvar":	369,
					"pmtu":	1500,
					"omitted":	false,
					"sender":	true
				}],
			"sum":	{
				"start":	0,
				"end":	1.000115,
				"seconds":	1.0001150369644165,
				"bytes":	390690128,
				"bits_per_second":	3125161514.906014,
				"retransmits":	301,
				"omitted":	false,
				"sender":	true
			}
		}, {
			"streams":	[{
					"socket":	5,
					"start":	1.000115,
					"end":	2.000308,
					"seconds":	1.0001929998397827,
					"bytes":	394526720,
					"bits_per_second":	3155604728.7929254,
					"retransmits":	431,
					"snd_cwnd":	447432,
					"rtt":	266,
					"rttvar":	330,
					"pmtu":	1500,
					"omitted":	false,
					"sender":	true
				}],
			"sum":	{
				"start":	1.000115,
				"end":	2.000308,
				"seconds":	1.0001929998397827,
				"bytes":	394526720,
				"bits_per_second":	3155604728.7929254,
				"retransmits":	431,
				"omitted":	false,
				"sender":	true
			}
		}, {
			"streams":	[{
					"socket":	5,
					"start":	2.000308,
					"end":	3.000298,
					"seconds":	0.99998998641967773,
					"bytes":	471859200,
					"bits_per_second":	3774911400.3785172,
					"retransmits":	98,
					"snd_cwnd":	628432,
					"rtt":	93,
					"rttvar":	40,
					"pmtu":	1500,
					"omitted":	false,
					"sender":	true
				}],
			"sum":	{
				"start":	2.000308,
				"end":	3.000298,
				"seconds":	0.99998998641967773,
				"bytes":	471859200,
				"bits_per_second":	3774911400.3785172,
				"retransmits":	98,
				"omitted":	false,
				"sender":	true
			}
		}, {
			"streams":	[{
					"socket":	5,
					"start":	3.000298,
					"end":	4.002209,
					"seconds":	1.0019110441207886,
					"bytes":	703856640,
					"bits_per_second":	5620112836.405818,
					"retransmits":	237,
					"snd_cwnd":	335936,
					"rtt":	80,
					"rttvar":	76,
					"pmtu":	1500,
					"omitted":	false,
					"sender":	true
				}],
			"sum":	{
				"start":	3.000298,
				"end":	4.002209,
				"seconds":	1.0019110441207886,
				"bytes":	703856640,
				"bits_per_second":	5620112836.405818,
				"retransmits":	237,
				"omitted":	false,
				"sender":	true
			}
		}, {
			"streams":	[{
					"socket":	5,
					"start":	4.002209,
					"end":	5.000396,
					"seconds":	0.99818700551986694,
					"bytes":	740556800,
					"bits_per_second":	5935214911.8736305,
					"retransmits":	194,
					"snd_cwnd":	167968,
					"rtt":	201,
					"rttvar":	315,
					"pmtu":	1500,
					"omitted":	false,
					"sender":	true
				}],
			"sum":	{
				"start":	4.002209,
				"end":	5.000396,
				"seconds":	0.99818700551986694,
				"bytes":	740556800,
				"bits_per_second":	5935214911.8736305,
				"retransmits":	194,
				"omitted":	false,
				"sender":	true
			}
		}, {
			"streams":	[{
					"socket":	5,
					"start":	5.000396,
					"end":	6.001211,
					"seconds":	1.0008150339126587,
					"bytes":	560988160,
					"bits_per_second":	4484250463.7991486,
					"retransmits":	86,
					"snd_cwnd":	267880,
					"rtt":	157,
					"rttvar":	152,
					"pmtu":	1500,
					"omitted":	false,
					"sender":	true
				}],
			"sum":	{
				"start":	5.000396,
				"end":	6.001211,
				"seconds":	1.0008150339126587,
				"bytes":	560988160,
				"bits_per_second":	4484250463.7991486,
				"retransmits":	86,
				"omitted":	false,
				"sender":	true
			}
		}, {
			"streams":	[{
					"socket":	5,
					"start":	6.001211,
					"end":	7.003403,
					"seconds":	1.0021920204162598,
					"bytes":	499384320,
					"bits_per_second":	3986336429.1611986,
					"retransmits":	45,
					"snd_cwnd":	241816,
					"rtt":	251,
					"rttvar":	421,
					"pmtu":	1500,
					"omitted":	false,
					"sender":	true
				}],
			"sum":	{
				"start":	6.001211,
				"end":	7.003403,
				"seconds":	1.0021920204162598,
				"bytes":	499384320,
				"bits_per_second":	3986336429.1611986,
				"retransmits":	45,
				"omitted":	false,
				"sender":	true
			}
		}, {
			"streams":	[{
					"socket":	5,
					"start":	7.003403,
					"end":	8.011824,
					"seconds":	1.0084209442138672,
					"bytes":	747110400,
					"bits_per_second":	5926972495.2602882,
					"retransmits":	55,
					"snd_cwnd":	443088,
					"rtt":	1862,
					"rttvar":	3360,
					"pmtu":	1500,
					"omitted":	false,
					"sender":	true
				}],
			"sum":	{
				"start":	7.003403,
				"end":	8.011824,
				"seconds":	1.0084209442138672,
				"bytes":	747110400,
				"bits_per_second":	5926972495.2602882,
				"retransmits":	55,
				"omitted":	false,
				"sender":	true
			}
		}, {
			"streams":	[{
					"socket":	5,
					"start":	8.011824,
					"end":	9.000108,
					"seconds":	0.98828399181365967,
					"bytes":	702545920,
					"bits_per_second":	5686996254.6754646,
					"retransmits":	0,
					"snd_cwnd":	997672,
					"rtt":	63,
					"rttvar":	11,
					"pmtu":	1500,
					"omitted":	false,
					"sender":	true
				}],
			"sum":	{
				"start":	8.011824,
				"end":	9.000108,
				"seconds":	0.98828399181365967,
				"bytes":	702545920,
				"bits_per_second":	5686996254.6754646,
				"retransmits":	0,
				"omitted":	false,
				"sender":	true
			}
		}, {
			"streams":	[{
					"socket":	5,
					"start":	9.000108,
					"end":	10.002667,
					"seconds":	1.0025589466094971,
					"bytes":	660602880,
					"bits_per_second":	5271333977.7900076,
					"retransmits":	305,
					"snd_cwnd":	658840,
					"rtt":	1627,
					"rttvar":	3125,
					"pmtu":	1500,
					"omitted":	false,
					"sender":	true
				}],
			"sum":	{
				"start":	9.000108,
				"end":	10.002667,
				"seconds":	1.0025589466094971,
				"bytes":	660602880,
				"bits_per_second":	5271333977.7900076,
				"retransmits":	305,
				"omitted":	false,
				"sender":	true
			}
		}, {
			"streams":	[{
					"socket":	5,
					"start":	10.002667,
					"end":	11.000222,
					"seconds":	0.99755501747131348,
					"bytes":	706478080,
					"bits_per_second":	5665677121.5754309,
					"retransmits":	0,
					"snd_cwnd":	1084552,
					"rtt":	251,
					"rttvar":	344,
					"pmtu":	1500,
					"omitted":	false,
					"sender":	true
				}],
			"sum":	{
				"start":	10.002667,
				"end":	11.000222,
				"seconds":	0.99755501747131348,
				"bytes":	706478080,
				"bits_per_second":	5665677121.5754309,
				"retransmits":	0,
				"omitted":	false,
				"sender":	true
			}
		}, {
			"streams":	[{
					"socket":	5,
					"start":	11.000222,
					"end":	12.00007,
					"seconds":	0.99984800815582275,
					"bytes":	609484800,
					"bits_per_second":	4876619606.4073286,
					"retransmits":	0,
					"snd_cwnd":	1201840,
					"rtt":	65,
					"rttvar":	13,
					"pmtu":	1500,
					"omitted":	false,
					"sender":	true
				}],
			"sum":	{
				"start":	11.000222,
				"end":	12.00007,
				"seconds":	0.99984800815582275,
				"bytes":	609484800,
				"bits_per_second":	4876619606.4073286,
				"retransmits":	0,
				"omitted":	false,
				"sender":	true
			}
		}, {
			"streams":	[{
					"socket":	5,
					"start":	12.00007,
					"end":	13.000599,
					"seconds":	1.0005290508270264,
					"bytes":	456130560,
					"bits_per_second":	3647114970.8084335,
					"retransmits":	96,
					"snd_cwnd":	440192,
					"rtt":	583,
					"rttvar":	672,