{
	"start":	{
		"connected":	[{
				"socket":	5,
				"local_host":	"10.0.0.7",
				"local_port":	60776,
				"remote_host":	"10.0.1.7",
				"remote_port":	5201
			}],
		"version":	"iperf 3.7",
		"system_info":	"Linux mininet-vm 5.4.0-42-generic #46-Ubuntu SMP Fri Jul 10 00:24:02 UTC 2020 x86_64",
		"timestamp":	{
			"time":	"Mon, 26 Feb 2024 06:33:02 GMT",
			"timesecs":	1708929182
		},
		"connecting_to":	{
			"host":	"10.0.1.7",
			"port":	5201
		},
		"cookie":	"5utg3nsswdjelnoine3b6q2ntrcizqraharg",
		"tcp_mss_default":	1448,
		"sock_bufsize":	0,
		"sndbuf_actual":	87380,
		"rcvbuf_actual":	87380,
		"test_start":	{
			"protocol":	"TCP",
			"num_streams":	1,
			"blksize":	131072,
			"omit":	0,
			"duration":	30,
			"bytes":	0,
			"blocks":	0,
			"reverse":	0,
			"tos":	0
		}
	},
	"intervals":	[{
			"streams":	[{
					"socket":	5,
					"start":	0,
					"end":	1.000183,
					"seconds":	1.0001829862594604,
					"bytes":	419384576,
					"bits_per_second":	3354462787.4020338,
					"retransmits":	309,
					"snd_cwnd":	524176,
					"rtt":	438,
					"rttvar":	633,
					"pmtu":	1500,
					"omitted":	false,
					"sender":	true
				}],
			"sum":	{
				"start":	0,
				"end":	1.000183,
				"seconds":	1.0001829862594604,
				"bytes":	419384576,
				"bits_per_second":	3354462787.4020338,
				"retransmits":	309,
				"omitted":	false,
				"sender":	true
			}
		}, {
			"streams":	[{
					"socket":	5,
					"start":	1.000183,
					"end":	2.006472,
					"seconds":	1.006289005279541,
					"bytes":	449093824,
					"bits_per_second":	3570296975.4717288,
					"retransmits":	96,
					"snd_cwnd":	689248,
					"rtt":	2821,
					"rttvar":	4552,
					"pmtu":	1500,
					"omitted":	false,
					"sender":	true
				}],
			"sum":	{
				"start":	1.000183,
				"end":	2.006472,
				"seconds":	1.006289005279541,
				"bytes":	449093824,
				"bits_per_second":	3570296975.4717288,
				"retransmits":	96,
				"omitted":	false,
				"sender":	true
			}
		}, {
			"streams":	[{
					"socket":	5,
					"start":	2.006472,
					"end":	3.000261,
					"seconds":	0.99378901720047,
					"bytes":	469237760,
					"bits_per_second":	3777363217.9744167,
					"retransmits":	260,
					"snd_cwnd":	366344,
					"rtt":	229,
					"rttvar":	306,
					"pmtu":	1500,
					"omitted":	false,
					"sender":	true
				}],
			"sum":	{
				"start":	2.006472,
				"end":	3.000261,
				"seconds":	0.99378901720047,
				"bytes":	469237760,
				"bits_per_second":	3777363217.9744167,
				"retransmits":	260,
				"omitted":	false,
				"sender":	true
			}
		}, {
			"streams":	[{
					"socket":	5,
					"start":	3.000261,
					"end":	4.000251,
					"seconds":	0.99998998641967773,
					"bytes":	664535040,
					"bits_per_second":	5316333555.5330782,
					"retransmits":	73,
					"snd_cwnd":	658840,
					"rtt":	182,
					"rttvar":	241,
					"pmtu":	1500,
					"omitted":	false,
					"sender":	true
				}],
			"sum":	{
				"start":	3.000261,
				"end":	4.000251,
				"seconds":	0.99998998641967773,
				"bytes":	664535040,
				"bits_per_second":	5316333555.5330782,
				"retransmits":	73,
				"omitted":	false,
				"sender":	true
			}
		}, {
			"streams":	[{
					"socket":	5,
					"start":	4.000251,
					"end":	5.000397,
					"seconds":	1.0001460313796997,
					"bytes":	744488960,
					"bits_per_second":	5955042056.9922476,
					"retransmits":	45,
					"snd_cwnd":	650152,
					"rtt":	108,
					"rttvar":	97,
					"pmtu":	1500,
					"omitted":	false,
					"sender":	true
				}],
			"sum":	{
				"start":	4.000251,
				"end":	5.000397,
				"seconds":	1.0001460313796997,
				"bytes":	744488960,
				"bits_per_second":	5955042056.9922476,
				"retransmits":	45,
				"omitted":	false,
				"sender":	true
			}
		}, {
			"streams":	[{
					"socket":	5,
					"start":	5.000397,
					"end":	6.008738,
					"seconds":	1.0083409547805786,
					"bytes":	711720960,
					"bits_per_second":	5646669068.6376019,
					"retransmits":	284,
					"snd_cwnd":	440192,
					"rtt":	343,
					"rttvar":	445,
					"pmtu":	1500,
					"omitted":	false,
					"sender":	true
				}],
			"sum":	{
				"start":	5.000397,
				"end":	6.008738,
				"seconds":	1.0083409547805786,
				"bytes":	711720960,
				"bits_per_second":	5646669068.6376019,
				"retransmits":	284,
				"omitted":	false,
				"sender":	true
			}
		}, {
			"streams":	[{
					"socket":	5,
					"start":	6.008738,
					"end":	7.002058,
					"seconds":	0.99331998825073242,
					"bytes":	663224320,
					"bits_per_second":	5341475680.30285,
					"retransmits":	334,
					"snd_cwnd":	335936,
					"rtt":	121,
					"rttvar":	122,
					"pmtu":	1500,
					"omitted":	false,
					"sender":	true
				}],
			"sum":	{
				"start":	6.008738,
				"end":	7.002058,
				"seconds":	0.99331998825073242,
				"bytes":	663224320,
				"bits_per_second":	5341475680.30285,
				"retransmits":	334,
				"omitted":	false,
				"sender":	true
			}
		}, {
			"streams":	[{
					"socket":	5,
					"start":	7.002058,
					"end":	8.002066,
					"seconds":	1.0000079870224,
					"bytes":	580648960,
					"bits_per_second":	4645154579.0463257,
					"retransmits":	137,
					"snd_cwnd":	403992,
					"rtt":	194,
					"rttvar":	147,
					"pmtu":	1500,
					"omitted":	false,
					"sender":	true
				}],
			"sum":	{
				"start":	7.002058,
				"end":	8.002066,
				"seconds":	1.0000079870224,
				"bytes":	580648960,
				"bits_per_second":	4645154579.0463257,
				"retransmits":	137,
				"omitted":	false,
				"sender":	true
			}
		}, {
			"streams":	[{
					"socket":	5,
					"start":	8.002066,
					"end":	9.000134,
					"seconds":	0.99806797504425049,
					"bytes":	871628800,
					"bits_per_second":	6986528547.5078411,
					"retransmits":	428,
					"snd_cwnd":	347520,
					"rtt":	59,
					"rttvar":	12,
					"pmtu":	1500,
					"omitted":	false,
					"sender":	true
				}],
			"sum":	{
				"start":	8.002066,
				"end":	9.000134,
				"seconds":	0.99806797504425049,
				"bytes":	871628800,
				"bits_per_second":	6986528547.5078411,
				"retransmits":	428,
				"omitted":	false,
				"sender":	true
			}
		}, {
			"streams":	[{
					"socket":	5,
					"start":	9.000134,
					"end":	10.002603,
					"seconds":	1.0024689435958862,
					"bytes":	657981440,
					"bits_per_second":	5250887375.2421761,
					"retransmits":	90,
					"snd_cwnd":	600920,
					"rtt":	133,
					"rttvar":	95,
					"pmtu":	1500,
					"omitted":	false,
					"sender":	true
				}],
			"sum":	{
				"start":	9.000134,
				"end":	10.002603,
				"seconds":	1.0024689435958862,
				"bytes":	657981440,
				"bits_per_second":	5250887375.2421761,
				"retransmits":	90,
				"omitted":	false,
				"sender":	true
			}
		}, {
			"streams":	[{
					"socket":	5,
					"start":	10.002603,
					"end":	11.003947,
					"seconds":	1.0013439655303955,
					"bytes":	657981440,
					"bits_per_second":	5256786580.0357866,
					"retransmits":	94,
					"snd_cwnd":	386616,
					"rtt":	167,
					"rttvar":	99,
					"pmtu":	1500,
					"omitted":	false,
					"sender":	true
				}],
			"sum":	{
				"start":	10.002603,
				"end":	11.003947,
				"seconds":	1.0013439655303955,
				"bytes":	657981440,
				"bits_per_second":	5256786580.0357866,
				"retransmits":	94,
				"omitted":	false,
				"sender":	true
			}
		}, {
			"streams":	[{
					"socket":	5,
					"start":	11.003947,
					"end":	12.014861,
					"seconds":	1.0109139680862427,
					"bytes":	610795520,
					"bits_per_second":	4833610291.5368328,
					"retransmits":	0,
					"snd_cwnd":	638568,
					"rtt":	99,
					"rttvar":	61,
					"pmtu":	1500,
					"omitted":	false,
					"sender":	true
				}],
			"sum":	{
				"start":	11.003947,
				"end":	12.014861,
				"seconds":	1.0109139680862427,
				"bytes":	610795520,
				"bits_per_second":	4833610291.5368328,
				"retransmits":	0,
				"omitted":	false,
				"sender":	true
			}
		}, {
			"streams":	[{
					"socket":	5,
					"start":	12.014861,
					"end":	13.004702,
					"seconds":	0.98984098434448242,
					"bytes":	651427840,
					"bits_per_second":	5264909013.0888453,
					"retransmits":	68,
					"snd_cwnd":	747168,
					"rtt":	327,
					"rttvar":	497,