{
	"start":	{
		"connected":	[{
				"socket":	5,
				"local_host":	"10.0.0.3",
				"local_port":	42762,
				"remote_host":	"10.0.1.3",
				"remote_port":	5201
			}],
		"version":	"iperf 3.7",
		"system_info":	"Linux mininet-vm 5.4.0-42-generic #46-Ubuntu SMP Fri Jul 10 00:24:02 UTC 2020 x86_64",
		"timestamp":	{
			"time":	"Mon, 26 Feb 2024 06:33:02 GMT",
			"timesecs":	1708929182
		},
		"connecting_to":	{
			"host":	"10.0.1.3",
			"port":	5201
		},
		"cookie":	"epodbwv4kkunyuq7hl25nhv6hgbi5snlhenx",
		"tcp_mss_default":	1448,
		"sock_bufsize":	0,
		"sndbuf_actual":	87380,
		"rcvbuf_actual":	87380,
		"test_start":	{
			"protocol":	"TCP",
			"num_streams":	1,
			"blksize":	131072,
			"omit":	0,
			"duration":	30,
			"bytes":	0,
			"blocks":	0,
			"reverse":	0,
			"tos":	0
		}
	},
	"intervals":	[{
			"streams":	[{
					"socket":	5,
					"start":	0,
					"end":	1.001195,
					"seconds":	1.001194953918457,
					"bytes":	486277120,
					"bits_per_second":	3885573878.2687087,
					"retransmits":	686,
					"snd_cwnd":	137560,
					"rtt":	310,
					"rttvar":	453,
					"pmtu":	1500,
					"omitted":	false,
					"sender":	true
				}],
			"sum":	{
				"start":	0,
				"end":	1.001195,
				"seconds":	1.001194953918457,
				"bytes":	486277120,
				"bits_per_second":	3885573878.2687087,
				"retransmits":	686,
				"omitted":	false,
				"sender":	true
			}
		}, {
			"streams":	[{
					"socket":	5,
					"start":	1.001195,
					"end":	2.022146,
					"seconds":	1.0209510326385498,
					"bytes":	486277120,
					"bits_per_second":	3810385450.0701256,
					"retransmits":	85,
					"snd_cwnd":	415576,
					"rtt":	2952,
					"rttvar":	5692,
					"pmtu":	1500,
					"omitted":	false,
					"sender":	true
				}],
			"sum":	{
				"start":	1.001195,
				"end":	2.022146,
				"seconds":	1.0209510326385498,
				"bytes":	486277120,
				"bits_per_second":	3810385450.0701256,
				"retransmits":	85,
				"omitted":	false,
				"sender":	true
			}
		}, {
			"streams":	[{
					"socket":	5,
					"start":	2.022146,
					"end":	3.000476,
					"seconds":	0.97833001613616943,
					"bytes":	546570240,
					"bits_per_second":	4469414050.351903,
					"retransmits":	24,
					"snd_cwnd":	1023736,
					"rtt":	95,
					"rttvar":	32,
					"pmtu":	1500,
					"omitted":	false,
					"sender":	true
				}],
			"sum":	{
				"start":	2.022146,
				"end":	3.000476,
				"seconds":	0.97833001613616943,
				"bytes":	546570240,
				"bits_per_second":	4469414050.351903,
				"retransmits":	24,
				"omitted":	false,
				"sender":	true
			}
		}, {
			"streams":	[{
					"socket":	5,
					"start":	3.000476,
					"end":	4.032402,
					"seconds":	1.0319260358810425,
					"bytes":	667156480,
					"bits_per_second":	5172126348.6129,
					"retransmits":	51,
					"snd_cwnd":	729792,
					"rtt":	7561,
					"rttvar":	13183,
					"pmtu":	1500,
					"omitted":	false,
					"sender":	true
				}],
			"sum":	{
				"start":	3.000476,
				"end":	4.032402,
				"seconds":	1.0319260358810425,
				"bytes":	667156480,
				"bits_per_second":	5172126348.6129,
				"retransmits":	51,
				"omitted":	false,
				"sender":	true
			}
		}, {
			"streams":	[{
					"socket":	5,
					"start":	4.032402,
					"end":	5.000121,
					"seconds":	0.96771901845932007,
					"bytes":	651427840,
					"bits_per_second":	5385264338.7095652,
					"retransmits":	316,
					"snd_cwnd":	395304,
					"rtt":	276,
					"rttvar":	348,
					"pmtu":	1500,
					"omitted":	false,
					"sender":	true
				}],
			"sum":	{
				"start":	4.032402,
				"end":	5.000121,
				"seconds":	0.96771901845932007,
				"bytes":	651427840,
				"bits_per_second":	5385264338.7095652,
				"retransmits":	316,
				"omitted":	false,
				"sender":	true
			}
		}, {
			"streams":	[{
					"socket":	5,
					"start":	5.000121,
					"end":	6.000138,
					"seconds":	1.0000170469284058,
					"bytes":	747110400,
					"bits_per_second":	5976781314.2368393,
					"retransmits":	448,
					"snd_cwnd":	621192,
					"rtt":	74,
					"rttvar":	24,
					"pmtu":	1500,
					"omitted":	false,
					"sender":	true
				}],
			"sum":	{
				"start":	5.000121,
				"end":	6.000138,
				"seconds":	1.0000170469284058,
				"bytes":	747110400,
				"bits_per_second":	5976781314.2368393,
				"retransmits":	448,
				"omitted":	false,
				"sender":	true
			}
		}, {
			"streams":	[{
					"socket":	5,
					"start":	6.000138,
					"end":	7.000159,
					"seconds":	1.0000209808349609,
					"bytes":	710410240,
					"bits_per_second":	5683162682.5017023,
					"retransmits":	226,
					"snd_cwnd":	653048,
					"rtt":	283,
					"rttvar":	115,
					"pmtu":	1500,
					"omitted":	false,
					"sender":	true
				}],
			"sum":	{
				"start":	6.000138,
				"end":	7.000159,
				"seconds":	1.0000209808349609,
				"bytes":	710410240,
				"bits_per_second":	5683162682.5017023,
				"retransmits":	226,
				"omitted":	false,
				"sender":	true
			}
		}, {
			"streams":	[{
					"socket":	5,
					"start":	7.000159,
					"end":	8.000129,
					"seconds":	0.999970018863678,
					"bytes":	718274560,
					"bits_per_second":	5746368762.66523,
					"retransmits":	181,
					"snd_cwnd":	651600,
					"rtt":	89,
					"rttvar":	63,
					"pmtu":	1500,
					"omitted":	false,
					"sender":	true
				}],
			"sum":	{
				"start":	7.000159,
				"end":	8.000129,
				"seconds":	0.999970018863678,
				"bytes":	718274560,
				"bits_per_second":	5746368762.66523,
				"retransmits":	181,
				"omitted":	false,
				"sender":	true
			}
		}, {
			"streams":	[{
					"socket":	5,
					"start":	8.000129,
					"end":	9.000562,
					"seconds":	1.0004329681396484,
					"bytes":	593756160,
					"bits_per_second":	4747993550.0655651,
					"retransmits":	15,
					"snd_cwnd":	724000,
					"rtt":	245,
					"rttvar":	320,
					"pmtu":	1500,
					"omitted":	false,
					"sender":	true
				}],
			"sum":	{
				"start":	8.000129,
				"end":	9.000562,
				"seconds":	1.0004329681396484,
				"bytes":	593756160,
				"bits_per_second":	4747993550.0655651,
				"retransmits":	15,
				"omitted":	false,
				"sender":	true
			}
		}, {
			"streams":	[{
					"socket":	5,
					"start":	9.000562,
					"end":	10.000203,
					"seconds":	0.99964100122451782,
					"bytes":	631767040,
					"bits_per_second":	5055951400.3616276,
					"retransmits":	46,
					"snd_cwnd":	396752,
					"rtt":	186,
					"rttvar":	256,
					"pmtu":	1500,
					"omitted":	false,
					"sender":	true
				}],
			"sum":	{
				"start":	9.000562,
				"end":	10.000203,
				"seconds":	0.99964100122451782,
				"bytes":	631767040,
				"bits_per_second":	5055951400.3616276,
				"retransmits":	46,
				"omitted":	false,
				"sender":	true
			}
		}, {
			"streams":	[{
					"socket":	5,
					"start":	10.000203,
					"end":	11.000582,
					"seconds":	1.0003789663314819,
					"bytes":	661913600,
					"bits_per_second":	5293302816.4502268,
					"retransmits":	0,
					"snd_cwnd":	587888,
					"rtt":	61,
					"rttvar":	14,
					"pmtu":	1500,
					"omitted":	false,
					"sender":	true
				}],
			"sum":	{
				"start":	10.000203,
				"end":	11.000582,
				"seconds":	1.0003789663314819,
				"bytes":	661913600,
				"bits_per_second":	5293302816.4502268,
				"retransmits":	0,
				"omitted":	false,
				"sender":	true
			}
		}, {
			"streams":	[{
					"socket":	5,
					"start":	11.000582,
					"end":	12.001772,
					"seconds":	1.0011899471282959,
					"bytes":	661913600,
					"bits_per_second":	5289015151.6088295,
					"retransmits":	0,
					"snd_cwnd":	987536,
					"rtt":	141,
					"rttvar":	114,
					"pmtu":	1500,
					"omitted":	false,
					"sender":	true
				}],
			"sum":	{
				"start":	11.000582,
				"end":	12.001772,
				"seconds":	1.0011899471282959,
				"bytes":	661913600,
				"bits_per_second":	5289015151.6088295,
				"retransmits":	0,
				"omitted":	false,
				"sender":	true
			}
		}, {
			"streams":	[{
					"socket":	5,
					"start":	12.001772,
					"end":	13.00414,
					"seconds":	1.0023679733276367,
					"bytes":	702545920,
					"bits_per_second":	5607089920.6223059,
					"retransmits":	1,
					"snd_cwnd":	1287272,
					"rtt":	969,
					"rttvar":	1770,