{
	"start":	{
		"connected":	[{
				"socket":	5,
				"local_host":	"10.0.0.8",
				"local_port":	35818,
				"remote_host":	"10.0.1.8",
				"remote_port":	5201
			}],
		"version":	"iperf 3.7",
		"system_info":	"Linux mininet-vm 5.4.0-42-generic #46-Ubuntu SMP Fri Jul 10 00:24:02 UTC 2020 x86_64",
		"timestamp":	{
			"time":	"Mon, 26 Feb 2024 06:33:02 GMT",
			"timesecs":	1708929182
		},
		"connecting_to":	{
			"host":	"10.0.1.8",
			"port":	5201
		},
		"cookie":	"voo7turzmemmbemqi3x3cj3wrowhxxm27mte",
		"tcp_mss_default":	1448,
		"sock_bufsize":	0,
		"sndbuf_actual":	87380,
		"rcvbuf_actual":	87380,
		"test_start":	{
			"protocol":	"TCP",
			"num_streams":	1,
			"blksize":	131072,
			"omit":	0,
			"duration":	30,
			"bytes":	0,
			"blocks":	0,
			"reverse":	0,
			"tos":	0
		}
	},
	"intervals":	[{
			"streams":	[{
					"socket":	5,
					"start":	0,
					"end":	1.000166,
					"seconds":	1.0001660585403442,
					"bytes":	400975000,
					"bits_per_second":	3207267405.85609,
					"retransmits":	219,
					"snd_cwnd":	445984,
					"rtt":	339,
					"rttvar":	440,
					"pmtu":	1500,
					"omitted":	false,
					"sender":	true
				}],
			"sum":	{
				"start":	0,
				"end":	1.000166,
				"seconds":	1.0001660585403442,
				"bytes":	400975000,
				"bits_per_second":	3207267405.85609,
				"retransmits":	219,
				"omitted":	false,
				"sender":	true
			}
		}, {
			"streams":	[{
					"socket":	5,
					"start":	1.000166,
					"end":	2.000215,
					"seconds":	1.0000489950180054,
					"bytes":	412788824,
					"bits_per_second":	3302148803.1599326,
					"retransmits":	245,
					"snd_cwnd":	472048,
					"rtt":	435,
					"rttvar":	613,
					"pmtu":	1500,
					"omitted":	false,
					"sender":	true
				}],
			"sum":	{
				"start":	1.000166,
				"end":	2.000215,
				"seconds":	1.0000489950180054,
				"bytes":	412788824,
				"bits_per_second":	3302148803.1599326,
				"retransmits":	245,
				"omitted":	false,
				"sender":	true
			}
		}, {
			"streams":	[{
					"socket":	5,
					"start":	2.000215,
					"end":	3.000426,
					"seconds":	1.0002110004425049,
					"bytes":	505935248,
					"bits_per_second":	4046628143.6710329,
					"retransmits":	178,
					"snd_cwnd":	470600,
					"rtt":	504,
					"rttvar":	790,
					"pmtu":	1500,
					"omitted":	false,
					"sender":	true
				}],
			"sum":	{
				"start":	2.000215,
				"end":	3.000426,
				"seconds":	1.0002110004425049,
				"bytes":	505935248,
				"bits_per_second":	4046628143.6710329,
				"retransmits":	178,
				"omitted":	false,
				"sender":	true
			}
		}, {
			"streams":	[{
					"socket":	5,
					"start":	3.000426,
					"end":	4.000365,
					"seconds":	0.99993902444839478,
					"bytes":	646161648,
					"bits_per_second":	5169608403.724,
					"retransmits":	179,
					"snd_cwnd":	335936,
					"rtt":	255,
					"rttvar":	272,
					"pmtu":	1500,
					"omitted":	false,
					"sender":	true
				}],
			"sum":	{
				"start":	3.000426,
				"end":	4.000365,
				"seconds":	0.99993902444839478,
				"bytes":	646161648,
				"bits_per_second":	5169608403.724,
				"retransmits":	179,
				"omitted":	false,
				"sender":	true
			}
		}, {
			"streams":	[{
					"socket":	5,
					"start":	4.000365,
					"end":	5.001579,
					"seconds":	1.0012140274047852,
					"bytes":	642142160,
					"bits_per_second":	5130908216.8133516,
					"retransmits":	166,
					"snd_cwnd":	673320,
					"rtt":	93,
					"rttvar":	54,
					"pmtu":	1500,
					"omitted":	false,
					"sender":	true
				}],
			"sum":	{
				"start":	4.000365,
				"end":	5.001579,
				"seconds":	1.0012140274047852,
				"bytes":	642142160,
				"bits_per_second":	5130908216.8133516,
				"retransmits":	166,
				"omitted":	false,
				"sender":	true
			}
		}, {
			"streams":	[{
					"socket":	5,
					"start":	5.001579,
					"end":	6.00615,
					"seconds":	1.0045709609985352,
					"bytes":	709099520,
					"bits_per_second":	5646984016.3021317,
					"retransmits":	91,
					"snd_cwnd":	440192,
					"rtt":	270,
					"rttvar":	400,
					"pmtu":	1500,
					"omitted":	false,
					"sender":	true
				}],
			"sum":	{
				"start":	5.001579,
				"end":	6.00615,
				"seconds":	1.0045709609985352,
				"bytes":	709099520,
				"bits_per_second":	5646984016.3021317,
				"retransmits":	91,
				"omitted":	false,
				"sender":	true
			}
		}, {
			"streams":	[{
					"socket":	5,
					"start":	6.00615,
					"end":	7.000334,
					"seconds":	0.99418401718139648,
					"bytes":	575406080,
					"bits_per_second":	4630177673.79789,
					"retransmits":	91,
					"snd_cwnd":	377928,
					"rtt":	352,
					"rttvar":	141,
					"pmtu":	1500,
					"omitted":	false,
					"sender":	true
				}],
			"sum":	{
				"start":	6.00615,
				"end":	7.000334,
				"seconds":	0.99418401718139648,
				"bytes":	575406080,
				"bits_per_second":	4630177673.79789,
				"retransmits":	91,
				"omitted":	false,
				"sender":	true
			}
		}, {
			"streams":	[{
					"socket":	5,
					"start":	7.000334,
					"end":	8.006886,
					"seconds":	1.00655198097229,
					"bytes":	706478080,
					"bits_per_second":	5615035037.2770195,
					"retransmits":	0,
					"snd_cwnd":	916584,
					"rtt":	1157,
					"rttvar":	2038,
					"pmtu":	1500,
					"omitted":	false,
					"sender":	true
				}],
			"sum":	{
				"start":	7.000334,
				"end":	8.006886,
				"seconds":	1.00655198097229,
				"bytes":	706478080,
				"bits_per_second":	5615035037.2770195,
				"retransmits":	0,
				"omitted":	false,
				"sender":	true
			}
		}, {
			"streams":	[{
					"socket":	5,
					"start":	8.006886,
					"end":	9.000174,
					"seconds":	0.993287980556488,
					"bytes":	608174080,
					"bits_per_second":	4898269922.9624939,
					"retransmits":	479,
					"snd_cwnd":	653048,
					"rtt":	80,
					"rttvar":	22,
					"pmtu":	1500,
					"omitted":	false,
					"sender":	true
				}],
			"sum":	{
				"start":	8.006886,
				"end":	9.000174,
				"seconds":	0.993287980556488,
				"bytes":	608174080,
				"bits_per_second":	4898269922.9624939,
				"retransmits":	479,
				"omitted":	false,
				"sender":	true
			}
		}, {
			"streams":	[{
					"socket":	5,
					"start":	9.000174,
					"end":	10.003463,
					"seconds":	1.0032889842987061,
					"bytes":	591134720,
					"bits_per_second":	4713574886.2084846,
					"retransmits":	68,
					"snd_cwnd":	626984,
					"rtt":	341,
					"rttvar":	527,
					"pmtu":	1500,
					"omitted":	false,
					"sender":	true
				}],
			"sum":	{
				"start":	9.000174,
				"end":	10.003463,
				"seconds":	1.0032889842987061,
				"bytes":	591134720,
				"bits_per_second":	4713574886.2084846,
				"retransmits":	68,
				"omitted":	false,
				"sender":	true
			}
		}, {
			"streams":	[{
					"socket":	5,
					"start":	10.003463,
					"end":	11.001343,
					"seconds":	0.99787998199462891,
					"bytes":	655360000,
					"bits_per_second":	5254018614.0623674,
					"retransmits":	135,
					"snd_cwnd":	787712,
					"rtt":	650,
					"rttvar":	542,
					"pmtu":	1500,
					"omitted":	false,
					"sender":	true
				}],
			"sum":	{
				"start":	10.003463,
				"end":	11.001343,
				"seconds":	0.99787998199462891,
				"bytes":	655360000,
				"bits_per_second":	5254018614.0623674,
				"retransmits":	135,
				"omitted":	false,
				"sender":	true
			}
		}, {
			"streams":	[{
					"socket":	5,
					"start":	11.001343,
					"end":	12.000035,
					"seconds":	0.998691976070404,
					"bytes":	567541760,
					"bits_per_second":	4546280723.9776239,
					"retransmits":	0,
					"snd_cwnd":	1045456,
					"rtt":	385,
					"rttvar":	552,
					"pmtu":	1500,
					"omitted":	false,
					"sender":	true
				}],
			"sum":	{
				"start":	11.001343,
				"end":	12.000035,
				"seconds":	0.998691976070404,
				"bytes":	567541760,
				"bits_per_second":	4546280723.9776239,
				"retransmits":	0,
				"omitted":	false,
				"sender":	true
			}
		}, {
			"streams":	[{
					"socket":	5,
					"start":	12.000035,
					"end":	13.001944,
					"seconds":	1.0019090175628662,
					"bytes":	576716800,
					"bits_per_second":	4604943482.0168238,
					"retransmits":	45,
					"snd_cwnd":	858664,
					"rtt":	377,
					"rttvar":	581,
					"pmtu":	1500,