{
	"start":	{
		"connected":	[{
				"socket":	5,
				"local_host":	"10.0.0.11",
				"local_port":	49170,
				"remote_host":	"10.0.1.11",
				"remote_port":	5201
			}],
		"version":	"iperf 3.7",
		"system_info":	"Linux mininet-vm 5.4.0-42-generic #46-Ubuntu SMP Fri Jul 10 00:24:02 UTC 2020 x86_64",
		"timestamp":	{
			"time":	"Mon, 26 Feb 2024 06:33:02 GMT",
			"timesecs":	1708929182
		},
		"connecting_to":	{
			"host":	"10.0.1.11",
			"port":	5201
		},
		"cookie":	"ntnga4u6ciw4pirt3dmhk7czb776rezymeyi",
		"tcp_mss_default":	1448,
		"sock_bufsize":	0,
		"sndbuf_actual":	87380,
		"rcvbuf_actual":	87380,
		"test_start":	{
			"protocol":	"TCP",
			"num_streams":	1,
			"blksize":	131072,
			"omit":	0,
			"duration":	30,
			"bytes":	0,
			"blocks":	0,
			"reverse":	0,
			"tos":	0
		}
	},
	"intervals":	[{
			"streams":	[{
					"socket":	5,
					"start":	0,
					"end":	1.000136,
					"seconds":	1.0001360177993774,
					"bytes":	367081240,
					"bits_per_second":	2936250537.6634464,
					"retransmits":	534,
					"snd_cwnd":	375032,
					"rtt":	962,
					"rttvar":	905,
					"pmtu":	1500,
					"omitted":	false,
					"sender":	true
				}],
			"sum":	{
				"start":	0,
				"end":	1.000136,
				"seconds":	1.0001360177993774,
				"bytes":	367081240,
				"bits_per_second":	2936250537.6634464,
				"retransmits":	534,
				"omitted":	false,
				"sender":	true
			}
		}, {
			"streams":	[{
					"socket":	5,
					"start":	1.000136,
					"end":	2.009618,
					"seconds":	1.0094820261001587,
					"bytes":	352583680,
					"bits_per_second":	2794174999.7242041,
					"retransmits":	63,
					"snd_cwnd":	703728,
					"rtt":	1502,
					"rttvar":	2739,
					"pmtu":	1500,
					"omitted":	false,
					"sender":	true
				}],
			"sum":	{
				"start":	1.000136,
				"end":	2.009618,
				"seconds":	1.0094820261001587,
				"bytes":	352583680,
				"bits_per_second":	2794174999.7242041,
				"retransmits":	63,
				"omitted":	false,
				"sender":	true
			}
		}, {
			"streams":	[{
					"socket":	5,
					"start":	2.009618,
					"end":	3.000146,
					"seconds":	0.99052798748016357,
					"bytes":	524288000,
					"bits_per_second":	4234412407.3364415,
					"retransmits":	128,
					"snd_cwnd":	405440,
					"rtt":	89,
					"rttvar":	91,
					"pmtu":	1500,
					"omitted":	false,
					"sender":	true
				}],
			"sum":	{
				"start":	2.009618,
				"end":	3.000146,
				"seconds":	0.99052798748016357,
				"bytes":	524288000,
				"bits_per_second":	4234412407.3364415,
				"retransmits":	128,
				"omitted":	false,
				"sender":	true
			}
		}, {
			"streams":	[{
					"socket":	5,
					"start":	3.000146,
					"end":	4.001701,
					"seconds":	1.0015549659729004,
					"bytes":	609484800,
					"bits_per_second":	4868308346.1761093,
					"retransmits":	208,
					"snd_cwnd":	739928,
					"rtt":	148,
					"rttvar":	216,
					"pmtu":	1500,
					"omitted":	false,
					"sender":	true
				}],
			"sum":	{
				"start":	3.000146,
				"end":	4.001701,
				"seconds":	1.0015549659729004,
				"bytes":	609484800,
				"bits_per_second":	4868308346.1761093,
				"retransmits":	208,
				"omitted":	false,
				"sender":	true
			}
		}, {
			"streams":	[{
					"socket":	5,
					"start":	4.001701,
					"end":	5.008417,
					"seconds":	1.0067160129547119,
					"bytes":	579338240,
					"bits_per_second":	4603786828.02227,
					"retransmits":	314,
					"snd_cwnd":	476392,
					"rtt":	204,
					"rttvar":	290,
					"pmtu":	1500,
					"omitted":	false,
					"sender":	true
				}],
			"sum":	{
				"start":	4.001701,
				"end":	5.008417,
				"seconds":	1.0067160129547119,
				"bytes":	579338240,
				"bits_per_second":	4603786828.02227,
				"retransmits":	314,
				"omitted":	false,
				"sender":	true
			}
		}, {
			"streams":	[{
					"socket":	5,
					"start":	5.008417,
					"end":	6.002333,
					"seconds":	0.99391597509384155,
					"bytes":	592445440,
					"bits_per_second":	4768575653.0399961,
					"retransmits":	1,
					"snd_cwnd":	703728,
					"rtt":	207,
					"rttvar":	240,
					"pmtu":	1500,
					"omitted":	false,
					"sender":	true
				}],
			"sum":	{
				"start":	5.008417,
				"end":	6.002333,
				"seconds":	0.99391597509384155,
				"bytes":	592445440,
				"bits_per_second":	4768575653.0399961,
				"retransmits":	1,
				"omitted":	false,
				"sender":	true
			}
		}, {
			"streams":	[{
					"socket":	5,
					"start":	6.002333,
					"end":	7.005508,
					"seconds":	1.0031750202178955,
					"bytes":	545259520,
					"bits_per_second":	4348270313.8406811,
					"retransmits":	69,
					"snd_cwnd":	569064,
					"rtt":	960,
					"rttvar":	1804,
					"pmtu":	1500,
					"omitted":	false,
					"sender":	true
				}],
			"sum":	{
				"start":	6.002333,
				"end":	7.005508,
				"seconds":	1.0031750202178955,
				"bytes":	545259520,
				"bits_per_second":	4348270313.8406811,
				"retransmits":	69,
				"omitted":	false,
				"sender":	true
			}
		}, {
			"streams":	[{
					"socket":	5,
					"start":	7.005508,
					"end":	8.00005,
					"seconds":	0.99454200267791748,
					"bytes":	667156480,
					"bits_per_second":	5366542414.1251373,
					"retransmits":	137,
					"snd_cwnd":	437296,
					"rtt":	155,
					"rttvar":	164,
					"pmtu":	1500,
					"omitted":	false,
					"sender":	true
				}],
			"sum":	{
				"start":	7.005508,
				"end":	8.00005,
				"seconds":	0.99454200267791748,
				"bytes":	667156480,
				"bits_per_second":	5366542414.1251373,
				"retransmits":	137,
				"omitted":	false,
				"sender":	true
			}
		}, {
			"streams":	[{
					"socket":	5,
					"start":	8.00005,
					"end":	9.005117,
					"seconds":	1.005066990852356,
					"bytes":	689438720,
					"bits_per_second":	5487703615.9774017,
					"retransmits":	136,
					"snd_cwnd":	648704,
					"rtt":	218,
					"rttvar":	246,
					"pmtu":	1500,
					"omitted":	false,
					"sender":	true
				}],
			"sum":	{
				"start":	8.00005,
				"end":	9.005117,
				"seconds":	1.005066990852356,
				"bytes":	689438720,
				"bits_per_second":	5487703615.9774017,
				"retransmits":	136,
				"omitted":	false,
				"sender":	true
			}
		}, {
			"streams":	[{
					"socket":	5,
					"start":	9.005117,
					"end":	10.00761,
					"seconds":	1.0024930238723755,
					"bytes":	601620480,
					"bits_per_second":	4800994845.239666,
					"retransmits":	59,
					"snd_cwnd":	886176,
					"rtt":	1344,
					"rttvar":	2295,
					"pmtu":	1500,
					"omitted":	false,
					"sender":	true
				}],
			"sum":	{
				"start":	9.005117,
				"end":	10.00761,
				"seconds":	1.0024930238723755,
				"bytes":	601620480,
				"bits_per_second":	4800994845.239666,
				"retransmits":	59,
				"omitted":	false,
				"sender":	true
			}
		}, {
			"streams":	[{
					"socket":	5,
					"start":	10.00761,
					"end":	11.000355,
					"seconds":	0.99274498224258423,
					"bytes":	471859200,
					"bits_per_second":	3802460518.5842009,
					"retransmits":	25,
					"snd_cwnd":	991880,
					"rtt":	33,
					"rttvar":	18,
					"pmtu":	1500,
					"omitted":	false,
					"sender":	true
				}],
			"sum":	{
				"start":	10.00761,
				"end":	11.000355,
				"seconds":	0.99274498224258423,
				"bytes":	471859200,
				"bits_per_second":	3802460518.5842009,
				"retransmits":	25,
				"omitted":	false,
				"sender":	true
			}
		}, {
			"streams":	[{
					"socket":	5,
					"start":	11.000355,
					"end":	12.000289,
					"seconds":	0.99993401765823364,
					"bytes":	656670720,
					"bits_per_second":	5253712412.2479267,
					"retransmits":	0,
					"snd_cwnd":	1207632,
					"rtt":	83,
					"rttvar":	19,
					"pmtu":	1500,
					"omitted":	false,
					"sender":	true
				}],
			"sum":	{
				"start":	11.000355,
				"end":	12.000289,
				"seconds":	0.99993401765823364,
				"bytes":	656670720,
				"bits_per_second":	5253712412.2479267,
				"retransmits":	0,
				"omitted":	false,
				"sender":	true
			}
		}, {
			"streams":	[{
					"socket":	5,
					"start":	12.000289,
					"end":	13.000168,
					"seconds":	0.999879002571106,
					"bytes":	654049280,
					"bits_per_second":	5233027422.8634987,
					"retransmits":	68,
					"snd_cwnd":	645808,
					"rtt":	92,
					"rttvar":	62,