{
	"start":	{
		"connected":	[{
				"socket":	5,
				"local_host":	"10.0.0.5",
				"local_port":	56864,
				"remote_host":	"10.0.1.5",
				"remote_port":	5201
			}],
		"version":	"iperf 3.7",
		"system_info":	"Linux mininet-vm 5.4.0-42-generic #46-Ubuntu SMP Fri Jul 10 00:24:02 UTC 2020 x86_64",
		"timestamp":	{
			"time":	"Mon, 26 Feb 2024 06:33:02 GMT",
			"timesecs":	1708929182
		},
		"connecting_to":	{
			"host":	"10.0.1.5",
			"port":	5201
		},
		"cookie":	"easv2lqzjbc647gwn3sucldtbyaox4ugvf5o",
		"tcp_mss_default":	1448,
		"sock_bufsize":	0,
		"sndbuf_actual":	87380,
		"rcvbuf_actual":	87380,
		"test_start":	{
			"protocol":	"TCP",
			"num_streams":	1,
			"blksize":	131072,
			"omit":	0,
			"duration":	30,
			"bytes":	0,
			"blocks":	0,
			"reverse":	0,
			"tos":	0
		}
	},
	"intervals":	[{
			"streams":	[{
					"socket":	5,
					"start":	0,
					"end":	1.003215,
					"seconds":	1.003214955329895,
					"bytes":	424804608,
					"bits_per_second":	3387546054.7559972,
					"retransmits":	439,
					"snd_cwnd":	506800,
					"rtt":	203,
					"rttvar":	201,
					"pmtu":	1500,
					"omitted":	false,
					"sender":	true
				}],
			"sum":	{
				"start":	0,
				"end":	1.003215,
				"seconds":	1.003214955329895,
				"bytes":	424804608,
				"bits_per_second":	3387546054.7559972,
				"retransmits":	439,
				"omitted":	false,
				"sender":	true
			}
		}, {
			"streams":	[{
					"socket":	5,
					"start":	1.003215,
					"end":	2.000493,
					"seconds":	0.99727797508239746,
					"bytes":	488998552,
					"bits_per_second":	3922666010.624352,
					"retransmits":	410,
					"snd_cwnd":	244712,
					"rtt":	203,
					"rttvar":	251,
					"pmtu":	1500,
					"omitted":	false,
					"sender":	true
				}],
			"sum":	{
				"start":	1.003215,
				"end":	2.000493,
				"seconds":	0.99727797508239746,
				"bytes":	488998552,
				"bits_per_second":	3922666010.624352,
				"retransmits":	410,
				"omitted":	false,
				"sender":	true
			}
		}, {
			"streams":	[{
					"socket":	5,
					"start":	2.000493,
					"end":	3.000454,
					"seconds":	0.99996101856231689,
					"bytes":	474329720,
					"bits_per_second":	3794785686.2017474,
					"retransmits":	254,
					"snd_cwnd":	598024,
					"rtt":	162,
					"rttvar":	178,
					"pmtu":	1500,
					"omitted":	false,
					"sender":	true
				}],
			"sum":	{
				"start":	2.000493,
				"end":	3.000454,
				"seconds":	0.99996101856231689,
				"bytes":	474329720,
				"bits_per_second":	3794785686.2017474,
				"retransmits":	254,
				"omitted":	false,
				"sender":	true
			}
		}, {
			"streams":	[{
					"socket":	5,
					"start":	3.000454,
					"end":	4.000118,
					"seconds":	0.99966400861740112,
					"bytes":	707825560,
					"bits_per_second":	5664507705.7758055,
					"retransmits":	275,
					"snd_cwnd":	626984,
					"rtt":	137,
					"rttvar":	142,
					"pmtu":	1500,
					"omitted":	false,
					"sender":	true
				}],
			"sum":	{
				"start":	3.000454,
				"end":	4.000118,
				"seconds":	0.99966400861740112,
				"bytes":	707825560,
				"bits_per_second":	5664507705.7758055,
				"retransmits":	275,
				"omitted":	false,
				"sender":	true
			}
		}, {
			"streams":	[{
					"socket":	5,
					"start":	4.000118,
					"end":	5.001683,
					"seconds":	1.0015649795532227,
					"bytes":	641936760,
					"bits_per_second":	5127469694.76792,
					"retransmits":	41,
					"snd_cwnd":	529968,
					"rtt":	516,
					"rttvar":	760,
					"pmtu":	1500,
					"omitted":	false,
					"sender":	true
				}],
			"sum":	{
				"start":	4.000118,
				"end":	5.001683,
				"seconds":	1.0015649795532227,
				"bytes":	641936760,
				"bits_per_second":	5127469694.76792,
				"retransmits":	41,
				"omitted":	false,
				"sender":	true
			}
		}, {
			"streams":	[{
					"socket":	5,
					"start":	5.001683,
					"end":	6.000304,
					"seconds":	0.99862098693847656,
					"bytes":	500695040,
					"bits_per_second":	4011091667.8008652,
					"retransmits":	159,
					"snd_cwnd":	377928,
					"rtt":	790,
					"rttvar":	1252,
					"pmtu":	1500,
					"omitted":	false,
					"sender":	true
				}],
			"sum":	{
				"start":	5.001683,
				"end":	6.000304,
				"seconds":	0.99862098693847656,
				"bytes":	500695040,
				"bits_per_second":	4011091667.8008652,
				"retransmits":	159,
				"omitted":	false,
				"sender":	true
			}
		}, {
			"streams":	[{
					"socket":	5,
					"start":	6.000304,
					"end":	7.00054,
					"seconds":	1.0002360343933105,
					"bytes":	735297336,
					"bits_per_second":	5880990571.9582825,
					"retransmits":	646,
					"snd_cwnd":	395304,
					"rtt":	145,
					"rttvar":	184,
					"pmtu":	1500,
					"omitted":	false,
					"sender":	true
				}],
			"sum":	{
				"start":	6.000304,
				"end":	7.00054,
				"seconds":	1.0002360343933105,
				"bytes":	735297336,
				"bits_per_second":	5880990571.9582825,
				"retransmits":	646,
				"omitted":	false,
				"sender":	true
			}
		}, {
			"streams":	[{
					"socket":	5,
					"start":	7.00054,
					"end":	8.000241,
					"seconds":	0.99970102310180664,
					"bytes":	694681600,
					"bits_per_second":	5559114846.9136305,
					"retransmits":	216,
					"snd_cwnd":	191136,
					"rtt":	73,
					"rttvar":	36,
					"pmtu":	1500,
					"omitted":	false,
					"sender":	true
				}],
			"sum":	{
				"start":	7.00054,
				"end":	8.000241,
				"seconds":	0.99970102310180664,
				"bytes":	694681600,
				"bits_per_second":	5559114846.9136305,
				"retransmits":	216,
				"omitted":	false,
				"sender":	true
			}
		}, {
			"streams":	[{
					"socket":	5,
					"start":	8.000241,
					"end":	9.001946,
					"seconds":	1.0017050504684448,
					"bytes":	648806400,
					"bits_per_second":	5181616282.72983,
					"retransmits":	1,
					"snd_cwnd":	389512,
					"rtt":	120,
					"rttvar":	57,
					"pmtu":	1500,
					"omitted":	false,
					"sender":	true
				}],
			"sum":	{
				"start":	8.000241,
				"end":	9.001946,
				"seconds":	1.0017050504684448,
				"bytes":	648806400,
				"bits_per_second":	5181616282.72983,
				"retransmits":	1,
				"omitted":	false,
				"sender":	true
			}
		}, {
			"streams":	[{
					"socket":	5,
					"start":	9.001946,
					"end":	10.004282,
					"seconds":	1.0023360252380371,
					"bytes":	613416960,
					"bits_per_second":	4895898736.9875231,
					"retransmits":	223,
					"snd_cwnd":	537208,
					"rtt":	323,
					"rttvar":	368,
					"pmtu":	1500,
					"omitted":	false,
					"sender":	true
				}],
			"sum":	{
				"start":	9.001946,
				"end":	10.004282,
				"seconds":	1.0023360252380371,
				"bytes":	613416960,
				"bits_per_second":	4895898736.9875231,
				"retransmits":	223,
				"omitted":	false,
				"sender":	true
			}
		}, {
			"streams":	[{
					"socket":	5,
					"start":	10.004282,
					"end":	11.004979,
					"seconds":	1.0006970167160034,
					"bytes":	585891840,
					"bits_per_second":	4683869984.3253384,
					"retransmits":	126,
					"snd_cwnd":	829704,
					"rtt":	763,
					"rttvar":	1100,
					"pmtu":	1500,
					"omitted":	false,
					"sender":	true
				}],
			"sum":	{
				"start":	10.004282,
				"end":	11.004979,
				"seconds":	1.0006970167160034,
				"bytes":	585891840,
				"bits_per_second":	4683869984.3253384,
				"retransmits":	126,
				"omitted":	false,
				"sender":	true
			}
		}, {
			"streams":	[{
					"socket":	5,
					"start":	11.004979,
					"end":	12.00839,
					"seconds":	1.0034110546112061,
					"bytes":	566231040,
					"bits_per_second":	4514449286.9427185,
					"retransmits":	183,
					"snd_cwnd":	305528,
					"rtt":	330,
					"rttvar":	591,
					"pmtu":	1500,
					"omitted":	false,
					"sender":	true
				}],
			"sum":	{
				"start":	11.004979,
				"end":	12.00839,
				"seconds":	1.0034110546112061,
				"bytes":	566231040,
				"bits_per_second":	4514449286.9427185,
				"retransmits":	183,
				"omitted":	false,
				"sender":	true
			}
		}, {
			"streams":	[{
					"socket":	5,
					"start":	12.00839,
					"end":	13.000489,
					"seconds":	0.99209898710250854,
					"bytes":	606863360,
					"bits_per_second":	4893571047.9647608,
					"retransmits":	109,
					"snd_cwnd":	640016,
					"rtt":	357,
					"rttvar":	441,