{
	"start":	{
		"connected":	[{
				"socket":	5,
				"local_host":	"10.0.0.2",
				"local_port":	47212,
				"remote_host":	"10.0.1.2",
				"remote_port":	5201
			}],
		"version":	"iperf 3.7",
		"system_info":	"Linux mininet-vm 5.4.0-42-generic #46-Ubuntu SMP Fri Jul 10 00:24:02 UTC 2020 x86_64",
		"timestamp":	{
			"time":	"Mon, 26 Feb 2024 06:33:02 GMT",
			"timesecs":	1708929182
		},
		"connecting_to":	{
			"host":	"10.0.1.2",
			"port":	5201
		},
		"cookie":	"65z6xtoganuc25akbvho72qbh5lg7uj6yyui",
		"tcp_mss_default":	1448,
		"sock_bufsize":	0,
		"sndbuf_actual":	87380,
		"rcvbuf_actual":	87380,
		"test_start":	{
			"protocol":	"TCP",
			"num_streams":	1,
			"blksize":	131072,
			"omit":	0,
			"duration":	30,
			"bytes":	0,
			"blocks":	0,
			"reverse":	0,
			"tos":	0
		}
	},
	"intervals":	[{
			"streams":	[{
					"socket":	5,
					"start":	0,
					"end":	1.000758,
					"seconds":	1.0007580518722534,
					"bytes":	391606736,
					"bits_per_second":	3130480821.152472,
					"retransmits":	580,
					"snd_cwnd":	360552,
					"rtt":	439,
					"rttvar":	584,
					"pmtu":	1500,
					"omitted":	false,
					"sender":	true
				}],
			"sum":	{
				"start":	0,
				"end":	1.000758,
				"seconds":	1.0007580518722534,
				"bytes":	391606736,
				"bits_per_second":	3130480821.152472,
				"retransmits":	580,
				"omitted":	false,
				"sender":	true
			}
		}, {
			"streams":	[{
					"socket":	5,
					"start":	1.000758,
					"end":	2.000047,
					"seconds":	0.99928897619247437,
					"bytes":	468871320,
					"bits_per_second":	3753639487.040154,
					"retransmits":	68,
					"snd_cwnd":	621192,
					"rtt":	285,
					"rttvar":	109,
					"pmtu":	1500,
					"omitted":	false,
					"sender":	true
				}],
			"sum":	{
				"start":	1.000758,
				"end":	2.000047,
				"seconds":	0.99928897619247437,
				"bytes":	468871320,
				"bits_per_second":	3753639487.040154,
				"retransmits":	68,
				"omitted":	false,
				"sender":	true
			}
		}, {
			"streams":	[{
					"socket":	5,
					"start":	2.000047,
					"end":	3.003596,
					"seconds":	1.0035489797592163,
					"bytes":	458321424,
					"bits_per_second":	3653604822.436996,
					"retransmits":	341,
					"snd_cwnd":	363448,
					"rtt":	154,
					"rttvar":	218,
					"pmtu":	1500,
					"omitted":	false,
					"sender":	true
				}],
			"sum":	{
				"start":	2.000047,
				"end":	3.003596,
				"seconds":	1.0035489797592163,
				"bytes":	458321424,
				"bits_per_second":	3653604822.436996,
				"retransmits":	341,
				"omitted":	false,
				"sender":	true
			}
		}, {
			"streams":	[{
					"socket":	5,
					"start":	3.003596,
					"end":	4.0017,
					"seconds":	0.99810397624969482,
					"bytes":	585891840,
					"bits_per_second":	4696038520.5673437,
					"retransmits":	199,
					"snd_cwnd":	282360,
					"rtt":	60,
					"rttvar":	39,
					"pmtu":	1500,
					"omitted":	false,
					"sender":	true
				}],
			"sum":	{
				"start":	3.003596,
				"end":	4.0017,
				"seconds":	0.99810397624969482,
				"bytes":	585891840,
				"bits_per_second":	4696038520.5673437,
				"retransmits":	199,
				"omitted":	false,
				"sender":	true
			}
		}, {
			"streams":	[{
					"socket":	5,
					"start":	4.0017,
					"end":	5.001012,
					"seconds":	0.99931198358535767,
					"bytes":	579338240,
					"bits_per_second":	4637896869.1754112,
					"retransmits":	236,
					"snd_cwnd":	344624,
					"rtt":	71,
					"rttvar":	36,
					"pmtu":	1500,
					"omitted":	false,
					"sender":	true
				}],
			"sum":	{
				"start":	4.0017,
				"end":	5.001012,
				"seconds":	0.99931198358535767,
				"bytes":	579338240,
				"bits_per_second":	4637896869.1754112,
				"retransmits":	236,
				"omitted":	false,
				"sender":	true
			}
		}, {
			"streams":	[{
					"socket":	5,
					"start":	5.001012,
					"end":	6.001687,
					"seconds":	1.0006749629974365,
					"bytes":	707788800,
					"bits_per_second":	5658491127.8673668,
					"retransmits":	74,
					"snd_cwnd":	495216,
					"rtt":	118,
					"rttvar":	94,
					"pmtu":	1500,
					"omitted":	false,
					"sender":	true
				}],
			"sum":	{
				"start":	5.001012,
				"end":	6.001687,
				"seconds":	1.0006749629974365,
				"bytes":	707788800,
				"bits_per_second":	5658491127.8673668,
				"retransmits":	74,
				"omitted":	false,
				"sender":	true
			}
		}, {
			"streams":	[{
					"socket":	5,
					"start":	6.001687,
					"end":	7.000425,
					"seconds":	0.99873799085617065,
					"bytes":	669777920,
					"bits_per_second":	5364994031.524374,
					"retransmits":	103,
					"snd_cwnd":	579200,
					"rtt":	79,
					"rttvar":	28,
					"pmtu":	1500,
					"omitted":	false,
					"sender":	true
				}],
			"sum":	{
				"start":	6.001687,
				"end":	7.000425,
				"seconds":	0.99873799085617065,
				"bytes":	669777920,
				"bits_per_second":	5364994031.524374,
				"retransmits":	103,
				"omitted":	false,
				"sender":	true
			}
		}, {
			"streams":	[{
					"socket":	5,
					"start":	7.000425,
					"end":	8.000976,
					"seconds":	1.0005509853363037,
					"bytes":	676331520,
					"bits_per_second":	5407672611.6874294,
					"retransmits":	1,
					"snd_cwnd":	907896,
					"rtt":	273,
					"rttvar":	218,
					"pmtu":	1500,
					"omitted":	false,
					"sender":	true
				}],
			"sum":	{
				"start":	7.000425,
				"end":	8.000976,
				"seconds":	1.0005509853363037,
				"bytes":	676331520,
				"bits_per_second":	5407672611.6874294,
				"retransmits":	1,
				"omitted":	false,
				"sender":	true
			}
		}, {
			"streams":	[{
					"socket":	5,
					"start":	8.000976,
					"end":	9.003238,
					"seconds":	1.0022619962692261,
					"bytes":	634388480,
					"bits_per_second":	5063653873.8287468,
					"retransmits":	45,
					"snd_cwnd":	724000,
					"rtt":	349,
					"rttvar":	307,
					"pmtu":	1500,
					"omitted":	false,
					"sender":	true
				}],
			"sum":	{
				"start":	8.000976,
				"end":	9.003238,
				"seconds":	1.0022619962692261,
				"bytes":	634388480,
				"bits_per_second":	5063653873.8287468,
				"retransmits":	45,
				"omitted":	false,
				"sender":	true
			}
		}, {
			"streams":	[{
					"socket":	5,
					"start":	9.003238,
					"end":	10.000748,
					"seconds":	0.99751001596450806,
					"bytes":	669777920,
					"bits_per_second":	5371598554.64614,
					"retransmits":	0,
					"snd_cwnd":	994776,
					"rtt":	393,
					"rttvar":	560,
					"pmtu":	1500,
					"omitted":	false,
					"sender":	true
				}],
			"sum":	{
				"start":	9.003238,
				"end":	10.000748,
				"seconds":	0.99751001596450806,
				"bytes":	669777920,
				"bits_per_second":	5371598554.64614,
				"retransmits":	0,
				"omitted":	false,
				"sender":	true
			}
		}, {
			"streams":	[{
					"socket":	5,
					"start":	10.000748,
					"end":	11.013263,
					"seconds":	1.0125149488449097,
					"bytes":	589824000,
					"bits_per_second":	4660268972.209281,
					"retransmits":	80,
					"snd_cwnd":	586440,
					"rtt":	1134,
					"rttvar":	1930,
					"pmtu":	1500,
					"omitted":	false,
					"sender":	true
				}],
			"sum":	{
				"start":	10.000748,
				"end":	11.013263,
				"seconds":	1.0125149488449097,
				"bytes":	589824000,
				"bits_per_second":	4660268972.209281,
				"retransmits":	80,
				"omitted":	false,
				"sender":	true
			}
		}, {
			"streams":	[{
					"socket":	5,
					"start":	11.013263,
					"end":	12.000114,
					"seconds":	0.98685097694396973,
					"bytes":	528220160,
					"bits_per_second":	4282066268.0865192,
					"retransmits":	0,
					"snd_cwnd":	848528,
					"rtt":	115,
					"rttvar":	73,
					"pmtu":	1500,
					"omitted":	false,
					"sender":	true
				}],
			"sum":	{
				"start":	11.013263,
				"end":	12.000114,
				"seconds":	0.98685097694396973,
				"bytes":	528220160,
				"bits_per_second":	4282066268.0865192,
				"retransmits":	0,
				"omitted":	false,
				"sender":	true
			}
		}, {
			"streams":	[{
					"socket":	5,
					"start":	12.000114,
					"end":	13.004954,
					"seconds":	1.0048400163650513,
					"bytes":	580648960,
					"bits_per_second":	4622817169.2481985,
					"retransmits":	432,
					"snd_cwnd":	535760,
					"rtt":	479,
					"rttvar":	669,
					"pmtu":	1500,